{"schemaVersion":"1.0","appDefinitionTemplate":{"id":"/providers/Microsoft.PowerApps/apps/","type":"Microsoft.PowerApps/apps","tags":{"primaryDeviceWidth":"640","primaryDeviceHeight":"1136","supportsPortrait":"true","supportsLandscape":"true","primaryFormFactor":"Phone","publisherVersion":"3.23022.25","minimumRequiredApiVersion":"2.2.0","hasComponent":"false","hasUnlockedComponent":"false","isUnifiedRootApp":"false","sienaVersion":"20230226T201053Z-3.23022.25.0"},"properties":{"appVersion":"2023-02-26T20:10:53Z","lifeCycleId":"Published","createdByClientVersion":{"major":3,"minor":23022,"build":25,"revision":0,"majorRevision":0,"minorRevision":0},"minClientVersion":{"major":3,"minor":23022,"build":25,"revision":0,"majorRevision":0,"minorRevision":0},"backgroundColor":"RGBA(0,176,240,1)","backgroundImageUri":"/13832801012619598747/N7e1fd22f-b894-489d-8824-d858de254dd2-logoSmallFile","displayName":"Signature To SP","description":"","commitMessage":"","appUris":{"documentUri":{"value":"/13832801012619598747/N21acf62f-3396-4c2f-83a8-9a1e738e8ffc-document.msapp"},"imageUris":[],"additionalUris":[]},"createdTime":"0001-01-01T00:00:00Z","lastModifiedTime":"0001-01-01T00:00:00Z","sharedGroupsCount":0,"sharedUsersCount":0,"connectionReferences":{"c472e136-fbd9-4400-9f28-e8add5d7b169":{"id":"12a5d137-195f-4065-ba36-8f7f2d196918","displayName":"Logic flows","iconUri":"https://connectoricons-prod.azureedge.net/releases/v1.0.1615/1.0.1615.3163/logicflows/icon.png","dataSources":["SignatureToSp"],"dependencies":["c5d924bb-b68a-4a7a-842e-149b6bf9fcad"],"dependents":[],"parameterHints":{"workflowName":{"value":"47afd40e-cf47-41f6-b6ce-3a021b936db2"},"workflowEntityId":{},"c5d924bb-b68a-4a7a-842e-149b6bf9fcad":{"value":"shared_sharepointonline"}},"parameterHintsV2":{"workflowName":{"value":"47afd40e-cf47-41f6-b6ce-3a021b936db2"},"workflowEntityId":{},"shared_sharepointonline":{"value":"c5d924bb-b68a-4a7a-842e-149b6bf9fcad"}},"isOnPremiseConnection":false,"bypassConsent":false,"dataSets":{},"apiTier":"Standard","isCustomApiConnection":false,"actions":["Run"],"nestedActions":[{"id":"/providers/Microsoft.PowerApps/apis/shared_sharepointonline/apiOperations/CreateFile","apiName":"SharePoint","actionName":"CreateFile","referencedResources":[{"key":"site","value":"https://logisam.sharepoint.com/dev1"}]}]},"c5d924bb-b68a-4a7a-842e-149b6bf9fcad":{"id":"62e1d289-37a8-46d0-8838-a5cb83885825","displayName":"SharePoint","iconUri":"https://connectoricons-prod.azureedge.net/u/juanq/gateway/greyhound/3000.150.11/1.0.1613.3116/sharepointonline/icon.png","dataSources":[],"dependencies":[],"dependents":["c472e136-fbd9-4400-9f28-e8add5d7b169"],"parameterHints":{},"parameterHintsV2":{},"isOnPremiseConnection":false,"bypassConsent":false,"dataSets":{},"apiTier":"Standard","isCustomApiConnection":false}},"databaseReferences":{},"almMode":"Environment","performanceOptimizationEnabled":true,"canConsumeAppPass":true,"enableModernRuntimeMode":false,"executionRestrictions":{"isTeamsOnly":false,"dataLossPreventionEvaluationResult":{"status":"Compliant","lastEvaluationDate":"2023-02-26T20:11:13.1134623Z","violations":[],"violationsByPolicy":[],"violationErrorMessage":"The app uses the following connectors: shared_logicflows, shared_sharepointonline."},"httpActionRestriction":{"appUsesSharepointHttpAction":false,"enforcementStrategy":"Legacy","evaluationTime":"2023-02-26T20:11:13.1133799Z"}}},"appType":"ClassicCanvasApp","appComponents":[]}}