{"name":"1e3a6336-1504-4605-af47-187dc3c7505c","id":"/providers/Microsoft.Flow/flows/1e3a6336-1504-4605-af47-187dc3c7505c","type":"Microsoft.Flow/flows","properties":{"apiId":"/providers/Microsoft.PowerApps/apis/shared_logicflows","displayName":"Signature To Sp","definition":{"metadata":{"workflowEntityId":null,"processAdvisorMetadata":null,"flowclientsuspensionreason":"None","flowclientsuspensiontime":null,"flowclientsuspensionreasondetails":null,"creator":{"id":"52619070-64ee-42eb-9a92-a31370fd5c2e","type":"User","tenantId":"8f098e9d-5e7d-4587-8e92-c0e23e8c5618"},"provisioningMethod":"FromDefinition","failureAlertSubscription":true,"clientLastModifiedTime":"2023-02-22T07:43:55.1706771Z"},"$schema":"https://schema.management.azure.com/providers/Microsoft.Logic/schemas/2016-06-01/workflowdefinition.json#","contentVersion":"1.0.0.0","parameters":{"$connections":{"defaultValue":{},"type":"Object"},"$authentication":{"defaultValue":{},"type":"SecureObject"}},"triggers":{"manual":{"metadata":{"operationMetadataId":"f5c3d365-127a-496c-b618-16c6566ae8b5"},"type":"Request","kind":"PowerAppV2","inputs":{"schema":{"type":"object","properties":{"file":{"title":"File Content","type":"object","x-ms-dynamically-added":true,"description":"Please select file or image","x-ms-content-hint":"FILE","properties":{"name":{"type":"string"},"contentBytes":{"type":"string","format":"byte"}}},"text":{"title":"Filename","type":"string","x-ms-dynamically-added":true,"description":"Please enter your input","x-ms-content-hint":"TEXT"}},"required":["file","text"]}}}},"actions":{"Create_file":{"runAfter":{},"metadata":{"operationMetadataId":"408b6efe-bdec-4b3b-96d1-f67ed108eecb"},"type":"OpenApiConnection","inputs":{"host":{"apiId":"/providers/Microsoft.PowerApps/apis/shared_sharepointonline","connectionName":"shared_sharepointonline","operationId":"CreateFile"},"parameters":{"dataset":"https://logisam.sharepoint.com/dev1/","folderPath":"/Shared Documents","name":"@triggerBody()['text']","body":"@triggerBody()['file']['contentBytes']"},"authentication":{"value":"@json(decodeBase64(triggerOutputs().headers['X-MS-APIM-Tokens']))['$ConnectionKey']","type":"Raw"}},"runtimeConfiguration":{"contentTransfer":{"transferMode":"Chunked"}}}}},"connectionReferences":{"shared_sharepointonline":{"connectionName":"shared-sharepointonl-15fff9c1-c4b0-49b4-a90d-bc69dc4b8491","source":"Invoker","id":"/providers/Microsoft.PowerApps/apis/shared_sharepointonline","tier":"NotSpecified"}},"flowFailureAlertSubscribed":false,"isManaged":false}}